<?xml version="1.0"?>
<recovery>
	<pages>
        <page name="fox_ota">
			<fill color="%unactive_title%">
				<placement x="0" y="%ab_h%" w="%screen_w%" h="%ab_btn_h%"/>
			</fill>
			<image>
				<placement x="%ab_btn1_x%" y="%ab2_y%"/>
				<image resource="switch_off"/>
			</image>
			<fill color="%accent%">
				<condition var1="fox_support_miui_ota" var2="1"/>
				<condition var1="fox_include_system_survival" var2="1"/>
				<placement x="0" y="%ab_h%" w="%screen_w%" h="%ab_btn_h%"/>
			</fill>
			<image>
				<condition var1="fox_support_miui_ota" var2="1"/>
				<condition var1="fox_include_system_survival" var2="1"/>
				<placement x="%ab_btn1_x%" y="%ab2_y%"/>
				<image resource="switch_on"/>
			</image>
			
			<text style="text_ab_switch">
				<placement x="%col1_x_indent%" y="%ab_bc2_y%"/>
				<text>{@fox_miui_ota_on}</text>
			</text>

			<button style="bs_btn">
				<placement x="0" y="%ab_h%" w="%screen_w%" h="%ab_btn_h%"/>
				<actions>
					<action function="set">fox_support_miui_ota=1</action>
					<action function="set">fox_include_system_survival=1</action>
				</actions>
			</button>

			<button style="bs_btn">
				<condition var1="fox_support_miui_ota" var2="1"/>
				<condition var1="fox_include_system_survival" var2="1"/>
				<placement x="0" y="%ab_h%" w="%screen_w%" h="%ab_btn_h%"/>
				<actions>
					<action function="set">fox_support_miui_ota=0</action>
					<action function="set">fox_include_system_survival=0</action>
				</actions>
			</button>
		
            <template name="body"/>

			<template name="ab"/>

			<template name="statusbarinfo"/>

            <text style="text_ab_title">
				<placement x="%col1_x_indent%" y="%ab_bc_y%"/>
				<text>MIUI OTA</text>
			</text>

			<!-- Check MIUI Bak file -->
			<action>
				<action function="set">tw_simulate_actions=0</action>
				<action function="set">tw_simulate_fail=0</action>
				<action function="mount">data</action>
				<action function="fileexists">/sdcard/Fox/OTA/boot.emmc.win</action>
			</action>

			<action>
				<conditions>
					<condition var1="tw_operation_state" var2="1"/>
					<condition var1="tw_operation_status" var2="0"/>
				</conditions>
				<action function="set">ota_back_file=1</action>
			</action>

			<action>
				<conditions>
					<condition var1="tw_operation_state" var2="1"/>
					<condition var1="tw_operation_status" var2="1"/>
				</conditions>
				<action function="set">ota_back_file=0</action>
			</action>
			<!-- -->

			<image>
				<condition var1="ota_back_file" var2="0"/>
				<condition var1="fox_support_miui_ota" var2="1"/>
				<placement x="%col1_x%" y="%row1_3a_y%"/>
				<image resource="icon_warning"/>
			</image>
			<image>
				<condition var1="ota_back_file" var2="1"/>
				<condition var1="fox_support_miui_ota" var2="1"/>
				<placement x="%col1_x%" y="%row1_3a_y%"/>
				<image resource="icon_info"/>
			</image>
			<image>
				<condition var1="fox_support_miui_ota" var2="0"/>
				<placement x="%col1_x%" y="%row1_3a_y%"/>
				<image resource="icon_info"/>
			</image>

			<text style="text_body2_fail">
				<condition var1="ota_back_file" var2="0"/>
				<condition var1="fox_support_miui_ota" var2="1"/>
				<placement x="%col1_x_indent%" y="%row1_3a_y%"/>
				<text>{@fox_ota_msg_reflash}</text>
			</text>

			<text style="text_body2_hl">
				<condition var1="ota_back_file" var2="1"/>
				<condition var1="fox_support_miui_ota" var2="1"/>
				<placement x="%col1_x_indent%" y="%row1_3a_y%"/>
				<text>{@fox_ota_msg_ready}</text>
			</text>

			<text style="text_body2_hl">
				<condition var1="fox_support_miui_ota" var2="0"/>
				<placement x="%col1_x_indent%" y="%row1_3a_y%"/>
				<text>{@fox_ota_msg_custom}</text>
			</text>
			
			<text style="caption">
				<placement x="%col1_x%" y="%row2_2a_y%"/>
				<text>{@fox_ota_settings}</text>
			</text>

            <listbox style="settingslist">
				<placement x="0" y="%row2_3a_y%" w="%screen_w%" h="%lb_l4%"/>
				<listitem name="{@fox_support_miui_ota_chk}">
					<data variable="fox_support_miui_ota"/>
				</listitem>	
				<listitem name="{@fox_include_system_survival_chk}">
					<data variable="fox_include_system_survival"/>
				</listitem>
				<listitem name="{@fox_verify_incremental_ota_signature_chk}">
					<data variable="fox_verify_incremental_ota_signature"/>
				</listitem>
				<listitem name="{@FOX_DISABLE_OTA_AUTO_REBOOT_chk}">
					<data variable="fox_disable_ota_auto_reboot_check"/>
				</listitem>
			</listbox>

			<text style="caption">
				<placement x="%col1_x%" y="%row5_1a_y%"/>
				<text>{@fox_patch_rom}</text>
			</text>

			<listbox style="settingslist">
				<placement x="0" y="%row5_2a_y%" w="%screen_w%" h="%lb_l3%"/>
				<listitem name="{@fox_dmverity_chk}">
					<data variable="fox_reboot_dm_verity_check"/>
				</listitem>
				<listitem name="{@fox_forced_encryption_chk}">
					<data variable="fox_reboot_forced_encryption_check"/>
				</listitem>
				<listitem name="{@fox_advanced_stock_recovery}">
					<data variable="fox_reboot_advanced_stock_recovery_check"/>
				</listitem>
			</listbox>

            <action>
				<touch key="home"/>
				<action function="page">main</action>
			</action>

			<action>
				<touch key="back"/>
				<action function="page">settings</action>
			</action>

        </page>
        <page name="fox_ota_lite">
		
            <template name="body"/>

			<template name="ab"/>

			<template name="statusbarinfo"/>

            <text style="text_ab_title">
				<placement x="%col1_x_indent%" y="%ab_bc_y%"/>
				<text>{@fox_ota_lite}</text>
			</text>
			
			<text style="caption">
				<placement x="%col1_x%" y="%row1_1_y%"/>
				<text>{@fox_ota_settings}</text>
			</text>

            <listbox style="settingslist">
				<placement x="0" y="%row1_2_y%" w="%screen_w%" h="%lb_l4%"/>
				<listitem name="{@FOX_DISABLE_OTA_AUTO_REBOOT_chk}">
					<data variable="fox_disable_ota_auto_reboot_check"/>
				</listitem>
			</listbox>

			<text style="caption">
				<placement x="%col1_x%" y="%row2_1a_y%"/>
				<text>{@fox_patch_rom}</text>
			</text>

            <listbox style="settingslist">
				<placement x="0" y="%row2_2a_y%" w="%screen_w%" h="%lb_l4%"/>
				<listitem name="{@fox_dmverity_chk}">
					<data variable="fox_reboot_dm_verity_check"/>
				</listitem>
				<listitem name="{@fox_forced_encryption_chk}">
					<data variable="fox_reboot_forced_encryption_check"/>
				</listitem>
				<listitem name="{@fox_advanced_stock_recovery}">
					<data variable="fox_reboot_advanced_stock_recovery_check"/>
				</listitem>
			</listbox>

            <action>
				<touch key="home"/>
				<action function="page">main</action>
			</action>

			<action>
				<touch key="back"/>
				<action function="page">settings</action>
			</action>

        </page>
    </pages>
</recovery>