<?xml version="1.0"?>
<recovery>
	<pages>
		<page name="magisk_mount">
			<template name="running_acts"/>
			<action>
				<action function="ftls">
					mmgui mnt || exit 1
					if [ -f "/cache/.disable_magisk" ]; then
						twrp xset magisk_core=1
					else
						twrp xset magisk_core=0
					fi
				</action>
			</action>

			<action>
				<conditions>
					<condition var1="ftls_running" var2="0"/>
					<condition var1="ft_mm_found" var2="1"/>
				</conditions>
				<actions>
					<action function="set">mmgui_path=/tmp/mmgui</action>
					<action function="page">magisk</action>
				</actions>
			</action>

			<action>
				<conditions>
					<condition var1="ftls_running" var2="0"/>
					<condition var1="ft_mm_found" op="!=" var2="1"/>
				</conditions>
				<actions>
					<action function="overlay">dialog_magisk_not_found</action>
					<action function="page">advanced</action>
				</actions>
			</action>
		</page>
		
		<page name="magisk">
			<template name="body"/>

			<text style="caption">
				<condition var1="magisk_core" op="!=" var2="1"/>
				<placement x="%col1_x%" y="%row1_3a_y%"/>
				<text>{@mm_ver}</text>
			</text>

			<text style="text_body2">
				<condition var1="magisk_core" op="!=" var2="1"/>
				<placement x="%col1_x%" y="%row2_1a_y%"/>
				<text>%ft_mm_ver%</text>
			</text>
			
			<text style="caption">
				<condition var1="magisk_core" op="!=" var2="1"/>
				<placement x="%col1_x%" y="%row2_3a_y%"/>
				<text>{@mm_modules}</text>
			</text>

			<fileselector style="fileselector_b">
				<condition var1="magisk_core" op="!=" var2="1"/>
				<condition var1="list_font" var2="1"/>
				<placement x="0" y="%row3_1a_y%" w="%fileselector_width%" h="%magisk_list_h%"/>
				<sort name="0"/>
				<icon folder="folder_icon" file="module_icon" />
				<filter folders="0" files="1" nav="0"/>
				<path name="mmgui_path" default="/tmp/mmgui"/>
				<data name="mmgui_file"/>
				<selection name="mmgui_select"/>
			</fileselector>

			<fileselector style="fileselector_s">
				<condition var1="magisk_core" op="!=" var2="1"/>
				<condition var1="list_font" op="!=" var2="1"/>
				<placement x="0" y="%row3_1a_y%" w="%fileselector_width%" h="%magisk_list_h%"/>
				<sort name="0"/>
				<icon folder="folder_icon_small" file="module_icon_small" />
				<filter folders="0" files="1" nav="0"/>
				<path name="mmgui_path" default="/tmp/mmgui"/>
				<data name="mmgui_file"/>
				<selection name="mmgui_select"/>
			</fileselector>

			<fill color="%accent%">
				<condition var1="magisk_core" var2="1"/>
				<placement x="0" y="%ab_h%" w="%screen_w%" h="%ab_btn_h%"/>
			</fill>
			
			<fill color="%unactive_title%">
				<condition var1="magisk_core" op="!=" var2="1"/>
				<placement x="0" y="%ab_h%" w="%screen_w%" h="%ab_btn_h%"/>
			</fill>

			<image>
				<condition var1="magisk_core" op="!=" var2="1"/>
				<placement x="%ab_btn1_x%" y="%ab2_y%"/>
				<image resource="switch_off"/>
			</image>
			
			<image>
				<condition var1="magisk_core" var2="1"/>
				<placement x="%ab_btn1_x%" y="%ab2_y%"/>
				<image resource="switch_on"/>
			</image>

			<text style="text_ab_switch">
				<placement x="%col1_x_indent%" y="%ab_bc2_y%"/>
				<text>Magisk Core</text>
			</text>

			<button style="bs_btn">
				<condition var1="magisk_core" op="!=" var2="1"/>
				<placement x="0" y="%ab_h%" w="%screen_w%" h="%ab_btn_h%"/>
				<actions>
					<action function="ftls">touch "/cache/.disable_magisk" && twrp xset magisk_core=1</action>
				</actions>
			</button>

			<button style="bs_btn">
				<condition var1="magisk_core" var2="1"/>
				<placement x="0" y="%ab_h%" w="%screen_w%" h="%ab_btn_h%"/>
				<actions>
					<action function="ftls">rm "/cache/.disable_magisk" && twrp xset magisk_core=0</action>
				</actions>
			</button>

			<template name="ab"/>
			
			<template name="statusbarinfo"/>
			
			<text style="text_ab_title">
				<placement x="%col1_x_indent%" y="%ab_bc_y%"/>
				<text>Magisk Manager</text>
			</text>

			<button>
				<placement x="%ab_btn1_x%" y="%ab_y%"/>
				<condition var1="ft_mm_isnew" op="!=" var2="1"/>
				<image resource="actionbar_btn" highlightresource="actionbar_btn_hl"/>
				<action function="ftls">mmgui unmnt</action>
				<action function="page">advanced</action>
			</button>

			<button>
				<placement x="%ab_btn1_x%" y="%ab_y%"/>
				<condition var1="ft_mm_isnew" var2="1"/>
				<image resource="actionbar_btn" highlightresource="actionbar_btn_hl"/>
				<action function="ftls">[ -d "/tmp/mmgui" ] && rm -rf "/tmp/mmgui"</action>
				<action function="page">advanced</action>
			</button>

			<image>
				<placement x="%ab_btn1_x%" y="%ab_y%"/>
				<image resource="actionbar_cancel"/>
			</image>

			<action>
				<condition var1="mmgui_file" op="modified"/>
				<actions>
						<action function="ftls">
							if [[ "%ft_mm_isnew%" == "1" ]]; then
							    dest="/data/adb/modules/%mmgui_select%";
							else
								dest="/magisk/%mmgui_select%";
							fi
							prop="$dest/module.prop"
							twrp xset ft_mm_name="$(cat $prop | grep "name=" | cut -d'=' -f2)";
							twrp xset ft_mm_auth="$(cat $prop | grep "author=" | cut -d'=' -f2)";
							twrp xset ft_mm_vers="$(cat $prop | grep "version=" | cut -d'=' -f2)";

							if [ -f "$dest/disable" ]; then
								twrp xset mmodule_disable=1
							else
								twrp xset mmodule_disable=0
							fi

							if [ -f "$dest/auto_mount" ]; then
								twrp xset mmodule_amnt=1
							else
								twrp xset mmodule_amnt=0
							fi

							if [ -f "$dest/remove" ]; then
								twrp xset mmodule_rm=1
							else
								twrp xset mmodule_rm=0
							fi
						</action>
						<action function="page">magisk_actions</action>
					</actions>
				</action>

				<action>
					<touch key="home"/>
					<action function="page">main</action>
				</action>

				<action>
					<touch key="back"/>
					<action function="page">advanced</action>
				</action>
			</page>

			<page name="magisk_actions">
				<template name="body"/>

				<fill color="%accent%">
					<condition var1="mmodule_disable" op="!=" var2="1"/>
					<placement x="0" y="%ab_ex_h%" w="%screen_w%" h="%ab_btn_h%"/>
				</fill>
				
				<fill color="%unactive_title%">
					<condition var1="mmodule_disable" var2="1"/>
					<placement x="0" y="%ab_ex_h%" w="%screen_w%" h="%ab_btn_h%"/>
				</fill>

				<image>
					<condition var1="mmodule_disable" var2="1"/>
					<placement x="%ab_btn1_x%" y="%ab3_y%"/>
					<image resource="switch_off"/>
				</image>
				
				<image>
					<condition var1="mmodule_disable" op="!=" var2="1"/>
					<placement x="%ab_btn1_x%" y="%ab3_y%"/>
					<image resource="switch_on"/>
				</image>

				<text style="text_ab_switch">
					<placement x="%col1_x_indent%" y="%ab_bc3_y%"/>
					<text>{@mm_module_active}</text>
				</text>

				<button style="bs_btn">
					<condition var1="mmodule_disable" var2="1"/>
					<placement x="0" y="%ab_ex_h%" w="%screen_w%" h="%ab_btn_h%"/>
					<actions>
						<action function="ftls">
							if [[ "%ft_mm_isnew%" == "1" ]]; then
							    dest="/data/adb/modules";
							else
								dest="/magisk";
							fi
							rm "$dest/%mmgui_select%/disable" && twrp xset mmodule_disable=0
						</action>
					</actions>
				</button>

				<button style="bs_btn">
					<condition var1="mmodule_disable" op="!=" var2="1"/>
					<placement x="0" y="%ab_ex_h%" w="%screen_w%" h="%ab_btn_h%"/>
					<actions>
						<action function="ftls">
							if [[ "%ft_mm_isnew%" == "1" ]]; then
							    dest="/data/adb/modules";
							else
								dest="/magisk";
							fi
							touch "$dest/%mmgui_select%/disable" && twrp xset mmodule_disable=1
						</action>
					</actions>
				</button>

				<template name="ab_ex"/>

				<template name="statusbarinfo"/>

				<text style="text_ab_title">
					<placement x="%col1_x_indent%" y="%ab_bc_y%"/>
					<text>Magisk Manager</text>
				</text>

				<text style="text_ab_title">
					<placement x="%col1_x_indent%" y="%row1_2_y%" placement="2"/>
					<text>%ft_mm_name%</text>
				</text>

				<text style="text_ab_subtitle">
					<placement x="%col1_x_indent%" y="%row1_2_y%"/>
					<text>%ft_mm_auth%</text>
				</text>
				
				<text style="caption">
					<placement x="%col1_x%" y="%row3_1_y%"/>
					<text>{@mm_mod_ver}</text>
				</text>
				
				<text style="text_body2">
					<placement x="%col1_x%" y="%row3_2_y%"/>
					<text>%ft_mm_vers%</text>
				</text>
				
				<text style="caption">
					<placement x="%col1_x%" y="%row4_1_y%"/>
					<text>{@fm_path2}</text>
				</text>
				
				<text style="text_body2">
					<condition var1="ft_mm_isnew" op="!=" var2="1"/>
					<placement x="%col1_x%" y="%row4_2_y%"/>
					<text>/magisk/%mmgui_select%</text>
				</text>
				
				<text style="text_body2">
					<condition var1="ft_mm_isnew" var2="1"/>
					<placement x="%col1_x%" y="%row4_2_y%"/>
					<text>/data/adb/modules/%mmgui_select%</text>
				</text>

				<button style="menu_btn">
					<condition var1="ft_mm_isnew" op="!=" var2="1"/>
					<placement x="%col1_x%" y="%row4_1_y%" w="%content_w%" h="%mb_h_hide%"/>
					<action function="set">tw_file_location1=/magisk/%mmgui_select%</action>
					<action function="set">tw_reload_fm=1</action>
					<action function="page">filemanagerlist</action>
				</button>

				<button style="menu_btn">
					<condition var1="ft_mm_isnew" var2="1"/>
					<placement x="%col1_x%" y="%row4_1_y%" w="%content_w%" h="%mb_h_hide%"/>
					<action function="set">tw_file_location1=/data/adb/modules/%mmgui_select%</action>
					<action function="set">tw_reload_fm=1</action>
					<action function="page">filemanagerlist</action>
				</button>

				<text style="caption">
					<placement x="%col1_x%" y="%row5_1_y%"/>
					<text>{@options_hdr}</text>
				</text>
				
				<listbox style="settingslist">
					<placement x="0" y="%row5_2_y%" w="%screen_w%" h="%lb_l2%"/>
					<listitem name="{@mm_module_mount}">
						<icon res="checkbox_true"/>
						<condition var1="mmodule_amnt" op="!=" var2="0"/>
						<action function="ftls">
							if [[ "%ft_mm_isnew%" == "1" ]]; then
							    dest="/data/adb/modules";
							else
								dest="/magisk";
							fi
							rm "$dest/%mmgui_select%/auto_mount" && twrp xset mmodule_amnt=0
						</action>
					</listitem>
					<listitem name="{@mm_module_mount}">
						<condition var1="mmodule_amnt" var2="0"/>
						<icon res="checkbox_false"/>
						<action function="ftls">
							if [[ "%ft_mm_isnew%" == "1" ]]; then
							    dest="/data/adb/modules";
							else
								dest="/magisk";
							fi
							touch "$dest/%mmgui_select%/auto_mount" && twrp xset mmodule_amnt=1
						</action>
					</listitem>
					<listitem name="{@fm_delete_btn}">
						<icon res="checkbox_true"/>
						<condition var1="mmodule_rm" op="!=" var2="0"/>
						<action function="ftls">
							if [[ "%ft_mm_isnew%" == "1" ]]; then
							    dest="/data/adb/modules";
							else
								dest="/magisk";
							fi
							rm "$dest/%mmgui_select%/remove" && twrp xset mmodule_rm=0
						</action>
					</listitem>
					<listitem name="{@fm_delete_btn}">
						<condition var1="mmodule_rm" var2="0"/>
						<icon res="checkbox_false"/>
						<action function="page">magisk_delete</action>
					</listitem>
				</listbox>

				<action>
					<touch key="home"/>
					<action function="page">main</action>
				</action>

				<action>
					<touch key="back"/>
					<action function="page">magisk</action>
				</action>
			</page>

			<page name="magisk_delete">
				<template name="body"/>

				<template name="ab_ex"/>

				<template name="statusbarinfo"/>

				<text style="text_ab_title">
					<placement x="%col1_x_indent%" y="%ab_bc_y%"/>
					<text>Magisk Manager</text>
				</text>

				<text style="text_ab_title">
					<placement x="%col1_x_indent%" y="%row1_2_y%" placement="2"/>
					<text>{@fm_delete_btn}</text>
				</text>

				<text style="text_ab_subtitle">
					<placement x="%col1_x_indent%" y="%row1_2_y%"/>
					<text>%ft_mm_name%</text>
				</text>

				<text style="caption">
					<placement x="%center_x%" y="%slider_text_y%" placement="5"/>
					<text>{@swipe_delete}</text>
				</text>

				<slider style="slider_action">
					<placement x="%center_x%" y="%slider_y%" placement="5"/>
					<action function="ftls">
						if [[ "%ft_mm_isnew%" == "1" ]]; then
							dest="/data/adb/modules";
						else
							dest="/magisk";
						fi
						touch "$dest/%mmgui_select%/remove" && twrp xset mmodule_rm=1
					</action>
					<action function="page">magisk_actions</action>
				</slider>
			
				<action>
					<touch key="home"/>
					<action function="page">main</action>
				</action>

				<action>
					<touch key="back"/>
					<action function="page">magisk_actions</action>
				</action>
			</page>
		</pages>
	</recovery>