<?xml version="1.0"?>
<recovery>
	<pages>
		<page name="main">
			<action>
				<condition var1="first_start" var2="1"/>
				<action function="page">welcome</action>
			</action>

			<action>
				<condition var1="first_start" op="!=" var2="1"/>
				<condition var1="use_pass" var2="1"/>
				<condition var1="pass_open" var2="0"/>
				<condition var1="tw_has_mtp" var2="1"/>
				<condition var1="tw_mtp_enabled" var2="1"/>
				<action function="stopmtp"/>
			</action>
			
			<action>
				<condition var1="first_start" op="!=" var2="1"/>
				<condition var1="use_pass" var2="1"/>
				<condition var1="pass_open" var2="0"/>
				<action function="adb">disable</action>
				<action function="set">pass_enter=</action>
				<action function="set">pass_govno=0</action>
				<action function="page">password_enter</action>
			</action>

			<action>
				<condition var1="first_start" op="!=" var2="1"/>
				<condition var1="use_pass" var2="0"/>
				<condition var1="adb_startup" var2="1"/>
				<condition var1="adb_started" op="!=" var2="1"/>
				<action function="adb">enable</action>
				<action function="set">adb_started=1</action>
			</action>

			<action>
				<condition var1="first_start" op="!=" var2="1"/>
				<condition var1="use_pass" var2="0"/>
				<actions>
					<action function="overlay"/>
					<action function="set">tw_clear_destination=filemanagerlist</action>
					<action function="page">clear_vars</action>
				</actions>
			</action>

			<action>
				<condition var1="first_start" op="!=" var2="1"/>
				<condition var1="use_pass" var2="1"/>
				<condition var1="pass_open" var2="1"/>
				<actions>
					<action function="overlay"/>
					<action function="set">tw_clear_destination=filemanagerlist</action>
					<action function="page">clear_vars</action>
				</actions>
			</action>
		</page>

		<page name="welcome">
			<background color="%background%"/>
			<template name="background_image"/>
			<template name="keys"/>

			<image>
				<image resource="welcome_fox"/>
				<placement x="%center_x%" y="%center_y%" placement="4"/>
			</image>

			<text style="text_ab_title">
				<placement x="%center_x%" y="%welcome_text%" placement="4"/>
				<text>{@welcome_msg}</text>
			</text>
			<text style="text_ab_title">
				<placement x="%center_x%" y="%welcome_text2%" placement="4"/>
				<text>{@welcome_msg2}</text>
			</text>

			<button style="floating_btn">
				<placement x="%center_x%" y="%btn_float_center_y%" placement="4"/>
				<action function="set">first_start=0</action>
				<action function="page">main</action>
			</button>
			
			<image>
				<placement x="%center_x%" y="%btn_float_center_y%" placement="4"/>
				<image resource="fab_accept"/>
			</image>
		</page>

		<page name="aroma_busy">
			<background color="%background%"/>
			
			<template name="background_image"/>

			<template name="status_bg"/>

			<template name="statusbarinfo"/>

			<image>
				<image resource="aroma_folder"/>
				<placement x="%center_x%" y="%center_y%" placement="4"/>
			</image>
			
			<text style="bs_text">
				<placement x="%center_x%" y="%busy_text_l%" placement="4"/>
				<condition var1="navbar_disable" op="!=" var2="1"/>
				<text>{@starting_aroma}</text>
			</text>
			
			<text style="bs_text">
				<placement x="%center_x%" y="%busy_text%" placement="4"/>
				<condition var1="navbar_disable" var2="1"/>
				<text>{@starting_aroma}</text>
			</text>

			<action>
				<condition var1="tw_operation_state" var2="1"/>
				<action function="set">tw_signed_zip_verify=%tw_signed_zip_verify_tmp%</action>
				<action function="set">fox_inject_after_zip=%fox_inject_after_zip_tmp%</action>
				<action function="set">tw_screen_timeout_secs=%tw_screen_timeout_temp%</action>
			</action>

			<action>
				<condition var1="tw_operation_state" var2="1"/>
				<condition var1="tw_operation_status" op="!=" var2="0"/>
				<action function="set">install_back=advanced</action>
				<action function="page">flash_done</action>
			</action>

			<action>
				<condition var1="tw_operation_state" var2="1"/>
				<condition var1="tw_operation_status" var2="0"/>
				<action function="disableled"/>
				<action function="page">advanced</action>
			</action>
		</page>
	</pages>
</recovery>