<?xml version="1.0"?><recovery><resources><image name="ohno" filename="Default/FullscreenIcons/empty_folder" retainaspect="1"/><font name="OhnoSans" filename="GoogleSans-Medium.ttf" size="64"/><font name="OhnoSans-small" filename="GoogleSans-Medium.ttf" size="42"/></resources><pages><page name="main"><background color="#CC5C02"/><action><action function="set">tw_screen_timeout_secs=0</action></action><image><image resource="ohno"/><placement x="304" y="420"/></image><text><font resource="OhnoSans" color="#FFFFFF"/><placement x="540" y="1070" placement="4"/><text>Theme not supported</text></text><text><font resource="OhnoSans-small" color="#FAFAFA"/><placement x="540" y="1170" placement="4"/><text>Install OrangeFox recovery</text></text><text><font resource="OhnoSans-small" color="#FAFAFA"/><placement x="540" y="1230" placement="4"/><text>to use this theme ;)</text></text><button><font resource="OhnoSans-small" color="#FAFAFA"/><fill color="#A54801"/><highlight color="#A5480166"/><placement x="0" y="1380" w="1080" h="128" /><text>Reboot system</text><action function="reboot">system</action></button></page></pages></recovery>